<?xml version="1.0" encoding="UTF-8" standalone="no"?><!DOCTYPE signedtext SYSTEM "SignedText100.dtd">	<signedtext database="ilex.sign-lang.uni-hamburg.de" language="sgn-de" spokenlanguage="deu" title="GliederungSignale">				<utterance spoken="M01_UND">			<sign gloss="UND1" signid="3100"><mouth/><src>--</src><gol>--</gol><loc>--</loc><hand/><limbs/><facialexpression/><hamnosys>hamparbegin,hamflathand,hamthumboutmod,hamextfingerl,hampalml,hamplus,hamflathand,hamthumboutmod,hamextfingerr,hampalmr,hamparend,hamparbegin,hampalm,hamplus,hamhandback,hamparend,hamclose,hamparbegin,hammovel,hamarcd,hamreplace,hamextfingerul,hampalml,hamparend,hampalm,hamtouch</hamnosys>			</sign>		</utterance>				<utterance spoken="M02_AUCH">			<sign gloss="AUCH1" signid="2252"><mouth/><src>--</src><gol>--</gol><loc>--</loc><hand/><limbs/><facialexpression/><hamnosys>hamfinger2,hamthumbacrossmod,hamextfingeruo,hampalmd,hamparbegin,hammoved,hamsmallmod,hamarcr,hamreplace,hamextfingero,hampalmul,hamparend</hamnosys>			</sign>		</utterance>				<utterance spoken="M03_DANN">			<sign gloss="DANN1A" signid="2373"><mouth/><src>--</src><gol>--</gol><loc>--</loc><hand/><limbs/><facialexpression/><hamnosys>hamfinger2,hamthumbacrossmod,hamextfingerl,hampalmdl,hamparbegin,hammoveo,hamarcu,hamreplace,hamextfingerol,hampalmul,hamparend</hamnosys>			</sign>		</utterance>				<utterance spoken="M04_BEISPIEL">			<sign gloss="BEISPIEL1A" signid="2302"><mouth>baISpi:l</mouth><src>--</src><gol>--</gol><loc/><hand/><limbs/><facialexpression/><hamnosys>hamparbegin,hamflathand,hamthumboutmod,hamextfingeruo,hamextfingerol,hampalmul,hamplus,hamflathand,hamthumboutmod,hamextfingeruo,hamextfingeror,hampalmur,hamparend,hamparbegin,hampalm,hamplus,hamhandback,hamparend,hamclose,hammovedo,hamsmallmod,hamparbegin,hampalm,hamplus,hamhandback,hamparend,hamtouch,hamrepeatfromstart</hamnosys>			</sign>		</utterance>				<utterance spoken="M07_ABER">			<sign gloss="ABER1" signid="7801"><mouth> </mouth><src>--</src><gol>--</gol><loc>--</loc><hand/><limbs/><facialexpression/><hamnosys>hamfinger2,hamextfingeruo,hampalml,hammovedo,hamsmallmod,hamrepeatfromstart</hamnosys>			</sign>		</utterance>				<utterance spoken="M09_FERTIG">			<sign gloss="FERTIG1A" signid="2448"><mouth/><src/><gol/><loc/><hand/><limbs/><facialexpression/><hamnosys>hamparbegin,hamflathand,hamextfingerol,hampalml,hamplus,hamflathand,hamextfingeror,hampalmr,hamparend,hamfingerside,hamindexfinger,hamclose,hammoved,hamtouch</hamnosys>			</sign>		</utterance>				<utterance spoken="M10_SCHLUSS">			<sign gloss="SCHLUSS1" signid="2918"><mouth>End@</mouth><src>--</src><gol>--</gol><loc/><hand/><limbs/><facialexpression/><hamnosys>hamsymmlr,hamflathand,hamthumboutmod,hamextfingeruo,hamextfingerol,hampalmdr,hamhandback,hamclose,hamparbegin,hammover,hamreplace,hamextfingeruo,hampalmd,hamparend</hamnosys>			</sign>		</utterance>		<utterance spoken="NM00_XXX">			<sign gloss="non-man1" signid="99999"><mouth>pause@</mouth><src>--</src><gol>--</gol><loc/><hand/><limbs/><facialexpression/><hamnosys></hamnosys>			</sign>			<sign gloss="$PROD" signid="99998"><mouth></mouth><src>--</src><gol>--</gol><loc></loc><hand>--</hand><limbs></limbs><facialexpression></facialexpression><hamnosys>hamfinger23,hamextfingerol,hampalml,hammoved,hamsmallmod</hamnosys>			</sign>
			<sign gloss="$PROD" signid="99997"><mouth></mouth><src>--</src><gol>--</gol><loc></loc><hand>--</hand><limbs></limbs><facialexpression> FU  </facialexpression><hamnosys></hamnosys>		</sign>	</utterance>	</signedtext>